page,src,alt,has_alt,alt_length
https://spherevista360.com/us-india-trade-2025/,https://secure.gravatar.com/avatar/26d5b1f7f353b0707d8f0dd7f87ce7a6458a2d2d0ebc106fadf136dea24df4f5?s=40&d=mm&r=g,,no,0
https://spherevista360.com/us-india-trade-2025/,https://images.pexels.com/photos/3184291/pexels-photo-3184291.jpeg,US-India Trade Relations 2025: Strategic Partnership and Economic Opportunities,yes,79
https://spherevista360.com/global-inflation-2025/,https://secure.gravatar.com/avatar/26d5b1f7f353b0707d8f0dd7f87ce7a6458a2d2d0ebc106fadf136dea24df4f5?s=40&d=mm&r=g,,no,0
https://spherevista360.com/global-inflation-2025/,https://images.pexels.com/photos/590022/pexels-photo-590022.jpeg,Global Inflation Outlook 2025: Economic Trends and Policy Responses,yes,67
https://spherevista360.com/visa-free-destinations-2025/,https://secure.gravatar.com/avatar/26d5b1f7f353b0707d8f0dd7f87ce7a6458a2d2d0ebc106fadf136dea24df4f5?s=40&d=mm&r=g,,no,0
https://spherevista360.com/visa-free-destinations-2025/,https://images.pexels.com/photos/1285625/pexels-photo-1285625.jpeg,Visa-Free Travel Destinations: Complete 2025 Guide for Global Travelers,yes,71
https://spherevista360.com/startup-funding-2025/,https://secure.gravatar.com/avatar/26d5b1f7f353b0707d8f0dd7f87ce7a6458a2d2d0ebc106fadf136dea24df4f5?s=40&d=mm&r=g,,no,0
https://spherevista360.com/newsletter/,https://via.placeholder.com/600x300/2563eb/ffffff?text=Newsletter+Subscribe,Subscribe to SphereVista360 Newsletter,yes,38
https://spherevista360.com/newsletter/,https://via.placeholder.com/500x250/10b981/ffffff?text=Weekly+Insights,Weekly Newsletter Insights,yes,26
https://spherevista360.com/newsletter/,https://via.placeholder.com/600x200/7c3aed/ffffff?text=Join+Our+Community,Join SphereVista360 Community,yes,29
https://spherevista360.com/budget-travel-tips-2025/,https://secure.gravatar.com/avatar/26d5b1f7f353b0707d8f0dd7f87ce7a6458a2d2d0ebc106fadf136dea24df4f5?s=40&d=mm&r=g,,no,0
https://spherevista360.com/global-elections-2025/,https://secure.gravatar.com/avatar/26d5b1f7f353b0707d8f0dd7f87ce7a6458a2d2d0ebc106fadf136dea24df4f5?s=40&d=mm&r=g,,no,0
https://spherevista360.com/global-elections-2025/,https://images.pexels.com/photos/8837687/pexels-photo-8837687.jpeg,Global Elections 2025: Key Democratic Processes Shaping the World,yes,65
https://spherevista360.com/open-source-models-2025/,https://secure.gravatar.com/avatar/26d5b1f7f353b0707d8f0dd7f87ce7a6458a2d2d0ebc106fadf136dea24df4f5?s=40&d=mm&r=g,,no,0
https://spherevista360.com/ai-in-politics/,https://secure.gravatar.com/avatar/26d5b1f7f353b0707d8f0dd7f87ce7a6458a2d2d0ebc106fadf136dea24df4f5?s=40&d=mm&r=g,,no,0
